group,ukprn,provider
Russell Group,10006840,The University of Birmingham
Russell Group,10007786,The University of Bristol
Russell Group,10007788,The University of Cambridge
Russell Group,10007814,Cardiff University
Russell Group,10007143,University of Durham
Russell Group,10007790,The University of Edinburgh
Russell Group,10007792,The University of Exeter
Russell Group,10007794,The University of Glasgow
Russell Group,10003270,"Imperial College of Science, Technology and Medicine"
Russell Group,10003645,King's College London
Russell Group,10007795,The University of Leeds
Russell Group,10006842,The University of Liverpool
Russell Group,10004063,London School of Economics and Political Science
Russell Group,10007798,The University of Manchester
Russell Group,10007799,Newcastle University
Russell Group,10007154,University of Nottingham
Russell Group,10007774,The University of Oxford
Russell Group,10007775,Queen Mary University of London
Russell Group,10005343,Queen's University Belfast
Russell Group,10007157,The University of Sheffield
Russell Group,10007158,The University of Southampton
Russell Group,10007784,University College London
Russell Group,10007163,The University of Warwick
Russell Group,10007167,The University of York
University Alliance,10000291,Anglia Ruskin University
University Alliance,10007140,Birmingham City University
University Alliance,10000824,Bournemouth University
University Alliance,10000886,The University of Brighton
University Alliance,10001726,Coventry University
University Alliance,10007851,University of Derby
University Alliance,10007146,The University of Greenwich
University Alliance,10007147,University of Hertfordshire
University Alliance,10003678,Kingston University
University Alliance,10003861,Leeds Beckett University
University Alliance,10004351,Middlesex University
University Alliance,10004930,Oxford Brookes University
University Alliance,10005500,Robert Gordon University
University Alliance,10007793,University of South Wales
University Alliance,10007161,Teesside University
University Alliance,10006566,The University of West London
University Alliance,10007164,"University of the West of England, Bristol"
University Alliance,10007165,The University of Westminster
MillionPlus,10007849,Abertay University
MillionPlus,10000291,Anglia Ruskin University
MillionPlus,10000571,Bath Spa University
MillionPlus,10007152,University of Bedfordshire
MillionPlus,10006841,University of Greater Manchester
MillionPlus,10007141,University of Lancashire
MillionPlus,10001143,Canterbury Christ Church University
MillionPlus,10007842,University of Cumbria
MillionPlus,10007144,The University of East London
MillionPlus,10007772,Edinburgh Napier University
MillionPlus,10007762,Glasgow Caledonian University
MillionPlus,10007114,University of the Highlands and Islands
MillionPlus,10003863,Leeds Trinity University
MillionPlus,10003957,Liverpool John Moores University
MillionPlus,10004048,London Metropolitan University
MillionPlus,10004078,London South Bank University
MillionPlus,10005337,"Queen Margaret University, Edinburgh"
MillionPlus,10006022,Southampton Solent University
MillionPlus,10006299,University of Staffordshire
MillionPlus,10007159,The University of Sunderland
MillionPlus,10006566,The University of West London
MillionPlus,10007800,The University of the West of Scotland
MillionPlus,10007166,The University of Wolverhampton
Cathedrals Group,10007832,Birmingham Newman University
Cathedrals Group,10001143,Canterbury Christ Church University
Cathedrals Group,10007848,University of Chester
Cathedrals Group,10007137,The University of Chichester
Cathedrals Group,10007842,University of Cumbria
Cathedrals Group,10007145,University of Gloucestershire
Cathedrals Group,10003863,Leeds Trinity University
Cathedrals Group,10007811,Lincoln Bishop University
Cathedrals Group,10003956,Liverpool Hope University
Cathedrals Group,10037449,University of St Mark and St John
Cathedrals Group,10007776,Roehampton University
Cathedrals Group,10007843,"St Mary's University, Twickenham"
Cathedrals Group,10003614,The University of Winchester
Cathedrals Group,10007713,York St John University
GuildHE,10007849,Abertay University
GuildHE,10000385,The Arts University Bournemouth
GuildHE,10005127,Arts University Plymouth
GuildHE,10000163,Health Sciences University
GuildHE,10000571,Bath Spa University
GuildHE,10007832,Birmingham Newman University
GuildHE,10007811,Lincoln Bishop University
GuildHE,10000975,Buckinghamshire New University
GuildHE,10008640,Falmouth University
GuildHE,10040812,Harper Adams University
GuildHE,10080811,Hartpury University
GuildHE,10003854,Leeds Arts University
GuildHE,10003863,Leeds Trinity University
GuildHE,10004775,Norwich University of the Arts
GuildHE,10005389,Ravensbourne University London
GuildHE,10005523,Rose Bruford College of Theatre and Performance
GuildHE,10005545,Royal Agricultural University
GuildHE,10007816,The Royal Central School of Speech and Drama
GuildHE,10008026,St Mary's University College
GuildHE,10007843,"St Mary's University, Twickenham"
GuildHE,10003945,The Liverpool Institute for Performing Arts
GuildHE,10039956,The University of Law
GuildHE,10000712,University College Birmingham
GuildHE,10006427,University for the Creative Arts
GuildHE,10007137,The University of Chichester
GuildHE,10037449,University of St Mark and St John
GuildHE,10014001,University of Suffolk
GuildHE,10003614,The University of Winchester
GuildHE,10007139,University of Worcester
GuildHE,10007713,York St John University
Reading comparators (editable),10007802,The University of Reading
Reading comparators (editable),10007850,The University of Bath
Reading comparators (editable),10007768,The University of Lancaster
Reading comparators (editable),10004113,Loughborough University
Reading comparators (editable),10007160,The University of Surrey
Reading comparators (editable),10007806,The University of Sussex
Reading comparators (editable),10007789,The University of East Anglia
Reading comparators (editable),10007791,The University of Essex
Reading comparators (editable),10007796,The University of Leicester
Reading comparators (editable),10007150,The University of Kent
Reading comparators (editable),10005553,Royal Holloway and Bedford New College
Reading comparators (editable),10007759,Aston University
Reading comparators (editable),10000961,Brunel University London
Reading comparators (editable),10001478,"City St George's, University of London"
Reading comparators (editable),10007855,Swansea University
Reading comparators (editable),10007805,The University of Strathclyde
Reading comparators (editable),10007767,Keele University
Reading comparators (editable),10007149,The University of Hull
